bsn,voornaam,tussenvoegsel,achternaam
999993653,Suzanne,van der,Stappen
999990639,Mattheus,du,Burck
999993872,Peter-Jan,van der,Meijden
999992740,Jael,de,Jager
999991723,Lukas,,Klamer
999990317,Nasier,,Boeddhoe
999993793,Rodney,,Plieger
999994542,Gerrit,den,Braber
999995078,Christina Maria,,Maassen
999991930,Aad,,Holthuizen
999991413,Pâte-de-Loupé,,d'Angelo-Huis in 't Veld
999993409,Thea,,Kouwenhoven
999992806,Roukshana Najia,,Bhutto
999992806,Roukshana Najia,,Bhutto
999994335,Pepijn Floris,,Holthuizen
999990263,Wilhelmina Sophia,van,Deursen
999992326,Hypnos,,Olympos
999993811,Babette,,Brandweer
999990858,Lance,,Smit
999993112,Wilma,van,Zon
999991292,Mirjam,,Heijn
999991565,Joost Jan,,Haarlem
999990032,Mihailović,,Bilgiç
999994268,Maria,van der,Wiel
999992843,Thjazi,von,Thursen
999991802,Frans,in 't,Veld
999994426,Johannes Hendrikus Jacobus,,Käster
000009878,Hendrik,,Derks
999990998,Lohstroh,,Elise
999995017,Wladyslaw,,Kwasniewski
999993240,Sherida,,Malhoe
999992181,Willem,,Gat
999992934,Tineke,,Igid
999992715,Joostmans,,Verstraten
999991309,Bertje,,Fruitplukker
999990287,Li,,Wáng
999991632,Kari,von,Thursen
999994980,Christoffel,,Vermeer
999990421,Adrianus Hendrikus,,Holthuizen
999995121,Lisanne-Caroline,,Maassen
999993239,Johanna Dingena,,Maassen
999992788,Pietje,,Puk
999993938,Pip,,Pal
999991255,Wilhelmina,van,Deuren
999993914,A,,A
999992247,Kees,,Zaal
999994049,Hendrika,,Molenaar
999992223,Christina,du,Burck
999990469,Hélen,van,Jansons
999994293,Dirk,,Holthuizen
999990202,Valentijn,van,Urquhart
000009933,Cor,,Veerboot
999991814,Martinus,de,Bever
999993471,Albert,,Zaal
999995091,Thanatos,,Olympos
999991243,Remi,,Zaal
999992442,Hubert Jozef,,Maassen
999993781,Vanessa,,Groeman
999992831,Mientje,den,Oudsten
999992752,Ingeborg Elvira,,Bronwaßer
999991966,Wei Wei,,Tjon á Jon
999991978,Adrianus,,Holthuizen
000009970,Nolda,,Schippersdochter
999994256,Hendrik-jan,,Jansens
999993483,Jacoba Magdalena,te,Schaars
999990408,Paolo,de,Jager
999993690,Antikleia,,Homeros
999992879,Lonneke,,Smit
999994062,Behnam,,Kumari
999992557,Devikumarie,,Dewansingh
999992144,Loki,,Asgaard
999990457,Mălïka'stes,,VųlkovāsoØse 
999991711,Odin,,Asgaard
999990536,Hendrika Johanna Theodora,,Grupstal
999991644,Petrus Wilhelmus Adrianus,,Bakker
999991644,Piet,,Bakker
999995200,Ivaldi,von,Thursen
999992636,Bruno,,Lampekap
999993860,Poseidon,,Lapzwans
999993100,Donald,,Duck
999993422,Marcelius Gerardus Franciscus Michaelis Vincentius,van,Brest naar Kempen
999990883,Paul,de,Man
999993343,Pjotter,,Parsjenko
999993896,Héndrika,,Janse
999992569,Jeannette,,Krul
999994608,N,,Tuamotu Makatea Rangiroa
999993082,Vera,,Galjoen
999991760,Angélie Francisca,,Holthuizen
999994311,Pierre,,Vlag
999991188,Milošević,,Petrovic
999993057,Ulfrun,von,Thursen
999990809,Zahra,,Sohrabi
999993859,Carolus Engelbertus Christianus,,Kierkegaard
999991772,Frouke,,Jansen
999991103,John Y B C D,,Bloëmsma
999990482,Lisanty Teresita del niño Jesús Virgen,De las,do Livramento de La Salete Jansz.
999990275,Eloise,du,Burck
999991346,Jan Adrianus,,Kooyman
000009866,Julia Christina,,Melapatti
999990068,Rozen,,Groeman
999990561,Thomas Christoffel Nicolaas Maria,,Thuisloos
999991358,Adorján Dezső,,Eötvös
999993835,Wesley,,Beemsterboer
999991887,Irene Louise,,Holthuizen
999990718,Karin,,Meijer
999990974,Ithaka,,Homeros
999993008,Fatima Saïda,Al,Ksar el Kebir
999991553,Guðrún Sigríður,,Sigurðardóttir
999991553,Guðrún Sigríður,,Sigurðardóttir
999991553,Guðrún Sigríður,,Sigurðardóttir
999990159,Niklas,,Kortum
999990019,Erebos,,Bultenaar
999991279,Anne-Marie,,Verheul
999990925,Thea Thona K. Roshani Wouterina,,Pietersz.
999990299,Sunny,,Tjon á Jon
999994554,Serena,,Kooyman
999993069,José,van 't,Wiel
999993276,Angélie,,Holthuizen
999992491,Frank N J M,van,Zon
999992995,Jan,,Goedmut
999990147,Margriet,,Buidel
999994086,Lethe,,Olympos
999994013,Eveline Johanna,,Holthuizen
999990135,Gerarda Josephina,,Kierkegaard
999994669,Żáïŀëñøŕ Åłéèç Ðëļŧå,'S,Streeveld
999994669,Żáïŀëñøŕ Åłéèç Ðëļŧå,'S,Streeveld
999994669,Żáïŀëñøŕ Åłéèç Ðëļŧå,'S,Streeveld
999992193,Caroline,,Watkinson
999991863,Rowan,,Helpmore
999992387,Caroline Ilse,du,Burck
999990494,Estrella,de,Jager
999990706,Josephina Maria,,Maassen
999990172,Róza Mstyslava,,Żywiałowska
999991425,Maria Christina,,Ophuijsen
999990755,Mary Eloise,,Kierkegaard
999991139,Gerardus Rudolfus Adrianus Petrus Josephus Eduardus,de,Vries alias Prins de Lignac, Ridder van het Land van Ooit, Baron van Bobbejaansland, Graaf van het Verdronken land van Saeftinghe, Markies van het Verdronken land van Reimerswaal
999990329,Kees,de,Hoop
999991164,Maria,,Kooyman
999992077,Jan,,Staart
999992478,Troje,,Homeros
999993306,Odessa,de,Jager
999992521,Bertje,,Verpalen
999991437,Joris,du,Burck
999991231,Stefano,,Kooyman
999992909,Antoinette Geertruida Maria,,Cock
999992909,Antoinette Geertruida Maria,,Cock
999995236,Marieke,,Zaal
999992739,Peer,,Holthuizen
999991462,José Freddy Vargaz,,Kierkegaard
999991462,José Freddy Vargaz,,Cardona
999994451,Anita,,Goulouse
999992302,Penelope,,Homeros
999993707,Klaas,,Molenaar
999993252,Marlon,,Brando
999993148,Frederika,,Meijdens
999993197,Henk-Pieter,van der,Burg
999995182,Anna Maria Petra,,Jansma
999992867,Frid,von,Thursen
999991176,Erika,de,Goede
999991826,Renée,,Wolters
010082426,Pieter,,Verstratenmaker
999993926,Petrus Paulus,,Leemstra
999994220,Mĩkaăŀ,,Vĸovāųl
999993136,Carsten Antonius,du,Burck
999990445,Arnoud,de,Smit
999990615,Alex,de,Goede
999991607,Willem-Pieter,,Holthuizen
999990810,Hendrika Isabella Gerarda Johanna,de,Roos
999991504,Thanatossy,,Olympossos
999993550,Christine,,Jansen-de Groot
999990676,Cornelia Francisca,,Wiegman
999991395,Cees,,Vlag
999990688,Siebrand,,Zaal
999992661,Albert,van der,Laar
999991796,Janus,,Naaktgeboren
999995054,Pelle,,Mug
999994499,Geertruda Johanna,,Kierkegaard
999992429,Palamedes,,Homeros
999994190,Evert Wietse,,Altena
999994815,Bruno,,Schoonzinger
999991693,Baldr,von,Thursen
999995030,Rianne,van,Amstels
999994517,Christina Alberta,van,Nieuwkerk
999992363,Gertrudis Maria,,Maassen
999995029,Petronella,van,Brest naar Kempen
999993689,Floris,,Altena
999990950,Denise Gerarda,,Maassen
999993215,Bernard,,Schoon
999994281,Najib Qamar,,Djibet
999990317,Christina,,Deutekom
999994001,Jules,,Overvaart
999991425,Chrissy,,Ophuizen
999993380,Nicole Petra,,Maassen
999990603,Aişe Çağati,,Inönü
999992016,Catherine,Van,Nassau la Lecq
999993768,Hermes,,Homeros
999993823,Soraya,,Holthuizen
999992338,Jolanda,,Mazee
999990743,Ŗî Ãō Øū Ŋÿ Ği ŢžŰŲ ŜŞőĠĪ Ŷŵ Ĉŷ,over 't,T.Śar ŃĆ ĹāÑ ŤÙmön ĊéŴÀŅŇĩ Ļl'ÁÚŘŠĎÉ Pomme-d' Or ĽÒÓĢÛŨ
999993070,Junzhuo,,Zhang
000009994,Jantje,,Testing
999991486,Lambertus,du,Burck
999994505,Çigdem,,Kemal
999991334,Petri,,Lodygin
999993720,Gezina,,Vruchtboom
999994207,Peter,het,Hart
999993963,Petula,,Vroegindewei
999990081,Paula,,Gonzalez
999994827,Żáïŀëñøŕ Åłéèç Ðëļŧå,S,Slechte
999991784,Audumla,de,Jotun
999993203,Dorothea,,Snijder
999995157,Agir,von,Thursen
000009921,Erik,van den,Oever
999992028,Bernardientje,,Olifant
999994165,Alex,,Oever
999991991,Jeroen,,Altena
999992107,Jaffe,de,Jager
999993677,Truus,van der,Wiel
999992119,Fredje,,Meijden
999991206,Dirk,,Janssen
999994992,Helen,,Jansens
999993446,Henk,,Vermolen
999994438,Florence,,Nagtegaal
999994931,Jan,de,Jager
999990378,Martinus,de,Beer
999990627,Stephan,,Janssen
999993124,Brigitte,,Leroy
999992466,Amandine,le,Sommer
999992788,Willem,van,Serooskerke
999992697,Thor ,,Asgaard
999990160,Hendrik Jan,de,Brink
999991954,Sierra,,Kooyman
999994736,Karin Monique,du,Burck
999994761,Marie,,Blok
999991747,Ayse,,Bilgiç
999993264,Fatima Zouilikha,,Djibet
999991929,Yvonne Johanna,,Kierkegaard
999995108,Peter-Jan-snip,van der,Meijden
999994529,Chantal,,Smit
999995170,Marjolein,de,Goede
999995261,Fortinbras,,Bultenaar
999993161,Pieter Jozef Hubert,,Maassen
999994566,Mirjam,,Gruyter
999992417,Grim,von,Thursen
999993331,Maria de las Mercedes Rosalía,Van,Hövell tot Westerflier en Wezelveld-Oetgens van Waveren Pancras Clifford Groothuesheidkamp Maarschalkerwaart Papageorgeopoulos Camminga Van Burmania Thoe Schwartzenberg en Von Hohenlohe-Langenburg 
999995169,Özlem,,Bilgiç
999992570,Albert,,Vogel
999992855,Żáïŀëñøŕse Åłéèçs ,'S,Streefhoek
999992703,Mohamed,El,Rafi
999992120,Zeus,de,Jager
999994384,Carla,,Stromboli
999994384,Carla,,Stromboli
999994384,Carla,,Stromboli
999991280,Jolanda,van der,Burg
999991838,Kik,,Braaf
999991516,Karin,,Holthuizen
999991668,Telemachus,,Homeros
999992648,Athena,,Homeros
999992260,Henk,,Vermeulen
999993185,Ingrid,van der,Meiden
999992624,Viola,,Smaal
999992685,Sophia Yvette,,Maassen
999993641,Antonius Johannes Joseph,,Wellingasterveen
999993045,Inderjeet,,Dewansingh
999990986,Hendrika Christina,,Beljaars
999991942,Johannes Pieter,,Zaal
999991851,Tineke,,Holthuizen
999990780,Joseph,,Kierkegaard
999991115,Martijn,du,Burck
999995145,Roos,,Janssen
999994402,Anna Hðrhildur,,Salvarsdðttir
999990871,Petri,,Vornowski
999991619,Ayda,,Kumari
999992727,Pietje,,Streeveld
999993343,Pietje,,Streeveld
999990512,Barbara,,Goulouse
999994414,Abdelaziz Ahmed,,Bouteflika
999994414,Abdelaziz Ahmed Mohammed,,Bouteflika
999992922,Robert Johannes,van der,Leijenhorst
999994712,Jacques,de,Hoop
999993227,Marcello,,Mastroiani
999994773,Sasja,du,Burck
999990792,Jan,de,Cuykelaer
999993756,Franciscus Engelbertus,,Holthuizen
999990573,Martine,,Span
999993975,Freya,,Asgaard
999993458,Sander Pieter,,Koppers
999994906,Sandra,,Bilgiç
999994670,Njord,,Asgaard
999990664,Jane Rosetta,,Braam
999990664,Jane Rosetta,,Braam
999992454,Drača,,Bilgiç
999993628,Geertje,,Huijgen
999994372,Sharif Sheikh Ahmed,,Al-Shabaab
999991097,Floris,,Kierkegaard
999993999,Klaas,de,Groot
999990779,Ronald Franciscus Maria,,Moes
999993987,Özlem,,Unis
999994347,Rachid,,Djibet
999995248,Ymir,von,Thursen
999990500,Paula,,Prins
999994748,Oeroeg,,Wongsodikrommo
999994748,Oeroeg,,Wongsodikromo
999991590,Maria Gertrudis,,Pluis
999994797,Anne Jan,,Boer
999990238,Stephanie,,Bruinhard
999994025,Mirjam,,Goulouse
999990585,Phantasos,,Olympos
999993501,Widolf,von,Thursen
999991024,Leo,,Lampekap
999993094,Sunshine,,Zonneveld
999993033,Melano Thathia,,Zestafoni
999993537,Circe,,Homeros
000009842,Stiliyan,,Balakov
999992545,Brigitte,,Moulin
999990391,Klaas,,Verpalen
999990354,Danielle,,Nolles
999994396,Eisa,von,Thursen
999992259,Dennis,,Schieland
999993616,Felícia Ildikó,,Esterházy
999993173,Piet,,Streeveld
999991073,Ramon,de la,Aafjörð
999994979,Johan,,Vermeer
999994463,Essam,El,Hadary
999994840,Karel,,Kierkegaard
999992399,Bahareh,,Kumari
999993719,Reindert,,Zaal
999994724,Joost,,Verstraten
999991322,Celeste,,Avion
999992132,Johannes Hendrikus Jacobus,,Käster
999992041,Marie,,Verstraten
999990652,Hendrik-Jan,van,Jansons
999993495,Marion,,Mancini
999990548,Adriaan,,Holthuizen
999992533,Hera,de,Jager
999993392,Margaretha,,Holthuizen
999990093,Rajesh,,Dewansingh
999994153,Odysseus,,Homeros
999993665,Annemieke,,Verpalen
999994876,Wesley,,Vlag
999990305,Żáïŀëñøŕ Åłéèç Ðëļŧå,'S,Streeveld
999990305,Żáïŀëñøŕ Åłéèç Ðëļŧå,'S,Streeveld
999992880,Mieke,,Muis
999990834,Mehned Özgür,,Hacı
999991875,Gerardus Johannes Wilhelmus,,Blokzijl
999990901,Ria,van,Amstel
999991401,Janus,,Bloot
999991589,Johannes Laurens,du,Burck
999992351,Lohstroh,,Denise
000009945,Pietje,,Streeveld
999992971,Robert,,Bronwaßer
999993847,Merel,,Kooyman
999995066,Măŀĩka,,Vųlĸovā
999990949,Marianne,de,Jong
000009891,Erika,de,Goede
999992235,Wessel,,Kooyman
999994888,Arnitta,van,Brabo
999994700,Pieter Jozef,,Maassen
999992600,Miranda,,Goulouse
999994724,Joost,,Verstraten
999991036,Frederik,,Meijden
999992156,Florianus,,Altena
999992296,Zwaantje,,Zaal
999992612,Robbert Sebastiaan,,Bronwaßer
999992612,Robbert Sebastiaan,,Bronwasser
999993355,Jan-Kees,,Brouwers
999990524,Rente @ 100%,,"""Onbemind"""
999992594,Romeo,,Zaal
999994475,Hans,,Kierkegaard
999990937,Barbara,,Bultenaar
999994967,Maaike,,Holthuizen
999995224,Kilian Sebastiaan Arok,,Bronwaßer
999993586,Angélique,la,Vache
999992764,Michal,,Jansen
999990123,Maxima,in de,Hand
999991267,Anita,,Goulouse
999995133,Joanna Hendrika Arnolda,,Grooten
999992089,Mirik,de,Jager
999990111,Cees,,Leclercq 
999990913,Jérôme G J P R C 17 Mai Joannes Jantje KarelTheo Jindrich IV Willem Tikan dICKsen Roeland Jan P@r Jan Peter,uijt te de,St.James St. Helier-Mc.Arthur
000009854,Eleonora,de,Crooy
000009908,Iñes María Núria,de,Velázquez
999993604,Jan,,Moes
999992818,Chen,,Tjon á Jon
999995212,Hilde,von,Thursen
999992168,Sjaak,,Ontevreden
999994839,Menelaos,,Homeros
999994189,Erik,van,Maastricht
999991048,Karin,,Kierkegaard
999994116,Katinka,,Vogel
999990020,Meetina Geerdina,,Kierkegaard
999993434,Yindee,,Mayoree
999994098,Julia Christine Maria,,Melap
999990366,Chen Eetiré,,Tjon á Jon
999994682,Maria Sijke,du,Burck
999992211,Ron,van,Wees
999990640,Marthe,de,Jager
999991577,Berend,,Bultenaar
999994128,Żáïŀëñøŕ Åłéèça Ðëļŧå Źêŗôřėņà Çēĕĺāăęśţe-Ëlīĩşâ-Èŋűğķıį ?gđä Üĝħöý Ŧæňœß ĤĦòńã Œċčąťù  Žóŝd' Ķćõšũů ĒĔźżûü ÏĨŭųġĥì Ŭĸľo ÝY'ĵĉė ŁíŔÖÕú  ,over 't,T.Śar ŃĆ ĹāÑ ŤÙmön ĊéŴÀŅŇĩ Ļl'ÁÚŘŠĎÉ Pomme-d' Or ĽÒÓĢÛŨ
999992065,Horatio,,Bultenaar
999992892,Marietje,,Verstraten
999992272,Helena,,Altena
999992983,Mien,,Dobbelsteen
999993525,Koos,,Smit
999993318,Dian Marini Maya,,.
999992375,Olga Lucia,,Kierkegaard
999992375,Olga Lucia,,RodrŦguez-Zuluaga
999991061,Marcel,,Tol
999994943,Özlema,,Bilgiçi
999990822,Charles,,Kierkegaard
999991905,Linda,,Haglund
999990184,Martin Gerard,,Maassen
999993884,Osvaldo Zotto ,,Loreno Ermocido
999990044,Margriet,,Maassen
999994050,Richard,,Laatopstap
999993562,Lennert,,Lapzwans
999991759,Hendrik,,Janse
999994785,Anita,,Jansen
999991000,Liselotte-Anne Daniëlle Celèste Elise 26 Avril Stéphane Maroni jr. Isiah dé Maria de las Mercedes Rosalía J'adore Grace a Dieu Rhiannon San-che-he-ray Lou'Lou Elona L'vovna d'Alessandra Ariëlle,voor in 't,C
999990196,Anna Maria Petra,,Wesseling
999994359,Jules,,Lapidaire
999992004,Prince-Fritz-Cruene-August-Willem-Jan-Hendrik-Dick Dicky Bondjol-S Baydr-al-Fay Muhammed Jhompo-A-Loktoe Kolokoe-Jiji,Van Der,B
999991474,Hendrikus Theodorus,,Streeveld
999993598,Tessa,,Wullaert
999991085,Mieke,,Bos
999994657,Hannah,,Thain
999992958,Anita,van,Buren
999994104,Marga,,Pal
999990226,Jeannette,,Overvaart
000009969,Henk,van der,Wiel
999994918,Catharina-Amalia,,Maassen
999991140,Eloise,,Wongsodikrommo
999993951,Carolina,Van,Naersen
999991917,Patricia,,Blijleven
999991383,Laertes,,Bultenaar
999992430,Cornelia,,Prul
000009830,Theodoor-Christiaan R. Philip ,van der,Ven-Van Roedelrode tot Broekzucht
999991498,Maria Christina,du,Burck
999993021,Leonardus Fredericus,,Kierkegaard
999995042,Rudolf Johannes,,Schievent
999992582,Polyphemos,,Homeros
999992508,Willem,,Kierkegaard
000009957,Ronald Franciscus Maria,,Moes
999991127,Morpheus,de,Jager
999995133,Helène,,Bruchs
999994323,Imako,,Tamaran
999994141,Piet,,Verstraten
999991450,Catootje,,Altena
999991450,Catootje,,Altena
999990470,Ramon,,Stier
999994864,Drifa,von,Thursen
999991656,Achilles,,Homeros
999992910,Marta,,Tupolev
999990895,Ilse,,Ommen
999994177,Najda Hlalia,,Djibet
999994177,Najda Hlalia,,Djibet
999994037,Carolina,van der,Hom
999995789,Harry,,Meerdantien
999995820,Karel,,Meerdantien
999995704,Albert,,Meerdantien
999995790,Indy,,Meerdantien
999995716,Bernhard,,Meerdantien
999995753,Egbert,,Meerdantien
999995819,Jacob,,Meerdantien
999995765,Fred,,Meerdantien
999995777,Gerrit,,Meerdantien
999995728,Carl,,Meerdantien
999995741,Dennis,,Meerdantien
999995352,Ronald,,Precise
999995327,Udina,,Precise
999995340,Sonja,,Precise
999995364,Quinty,,Precise
999995339,Targa,,Precise
999995303,Wilma,,Precise
999995285,Young,,Precise
999995297,Xena,,Precise
999995273,Zach,,Precise
999995315,Vladimir,,Precise
999995662,Jesse,de,Goede
999995534,Nathalie,de,Goede
999995625,Thijs,de,Goede
999995510,Roos,de,Goede
999995686,Ryan,de,Goede
999995571,Naomi,de,Goede
999995637,Tim,de,Goede
999995650,Luuk,de,Goede
999995674,Gijs,de,Goede
999995649,Bram,de,Goede
999995583,Femke,de,Goede
999995698,Tom,de,Goede
999995595,Nina,de,Goede
999990767,Althea,de,Goede
999995613,Daan,de,Goede
999995522,Thea,de,Goede
999995418,Wesley,,Vlag
999995406,Paula,,Prins
999995455,Eleonora,de,Crooy
999995443,Jan-Kees,,Brouwers
999995509,Erik,van den,Aig
999995509,Erik,,Mol
999995492,Klaas,,Molenaar
999995479,Celeste,,Avion
999995376,Brigitte,,Moulin
999995467,Anne-Marie,,Verheul
999995388,Petri,,Vornowski
999995431,Lonneke,,Smit
999995480,Marion,,Mancini
999995807,Zoey,den,Braber
999995832,Alexander,den,Braber
999995911,Alexa,van,Assen
999995601,Alexa,van,Assen
999995844,Bernhard,de,Boer
999995856,Johanna Hendrika Maria Thecla,,Aktsoglou
999995868,Salony,,Polchamnan
999995881,Stefan Antonius Peter,,Dramais
999995893,Marcel Gerardus Henderikus,,Wesdeni
999995923,Hendrik,,Bultenaar
999999990,Willeke Liselotte,de,Bruijn
,,,
,,,
,,,
,,,
,,,
,,,
,,,
,,,
,,,
,,,
,,,
,,,
,,,
,,,
,,,
,,,
,,,
,,,
,,,
,,,
,,,
,,,
,,,
,,,
,,,
,,,
,,,
,,,
,,,
,,,
,,,
,,,
,,,
,,,
,,,
,,,
,,,
,,,
,,,
,,,
,,,
,,,
,,,
,,,
,,,
,,,
,,,
,,,
,,,
,,,
,,,
,,,
,,,
,,,
,,,
,,,
,,,
,,,
,,,
,,,
,,,
,,,
,,,
,,,
,,,
,,,
,,,
,,,
,,,
,,,
,,,
,,,
,,,
,,,
,,,
,,,
,,,
,,,
,,,
,,,
,,,
,,,
,,,
,,,
,,,
,,,
,,,
,,,
,,,
,,,
,,,
,,,
,,,
,,,
,,,
,,,
,,,
,,,
,,,
,,,
,,,
,,,
,,,
,,,
,,,
,,,
,,,
,,,
,,,
,,,
,,,
,,,
,,,
,,,
,,,
,,,
,,,
,,,
,,,
,,,
,,,
,,,
,,,
,,,
,,,
,,,
,,,
,,,
,,,
,,,
,,,
,,,
,,,
,,,
,,,
,,,
,,,
,,,
,,,
,,,
,,,
,,,
,,,
,,,
,,,
,,,
,,,
,,,
,,,
,,,
,,,
,,,
,,,
,,,
,,,
,,,
,,,
,,,
,,,
,,,
,,,
,,,
,,,
,,,
,,,
,,,
,,,
,,,
,,,
,,,
,,,
,,,
,,,
,,,
,,,
,,,
,,,
,,,
,,,
,,,
,,,
,,,
,,,
,,,
,,,
,,,
,,,
,,,
,,,
,,,
,,,
,,,
,,,
,,,
,,,
,,,
,,,
,,,
,,,
,,,
,,,
,,,
,,,
,,,
,,,
,,,
,,,
,,,
,,,
,,,
,,,
,,,
,,,
,,,
,,,
,,,
,,,
,,,
,,,
,,,
,,,
,,,
,,,
,,,
,,,
,,,
,,,
,,,
,,,
,,,
,,,
,,,
,,,
,,,
,,,
,,,
,,,
,,,
,,,
,,,
,,,
,,,
,,,
,,,
,,,
,,,
,,,
,,,
,,,
,,,
,,,
,,,
,,,
,,,
,,,
,,,
,,,
,,,
,,,
,,,
,,,
,,,
,,,
,,,
,,,
,,,
,,,
,,,
,,,
,,,
,,,
,,,
,,,
,,,
,,,
,,,
,,,
,,,
,,,
,,,
,,,
,,,
,,,
,,,
,,,
,,,
,,,
,,,
,,,
,,,
,,,
,,,
,,,
,,,
,,,
,,,
,,,
,,,
,,,
,,,
,,,
,,,
,,,
,,,
,,,
,,,
,,,
,,,
,,,
,,,
,,,
,,,
,,,
,,,
,,,
,,,
,,,
,,,
,,,
,,,
,,,
,,,
,,,
,,,
,,,
,,,
,,,
,,,
,,,
,,,
,,,
,,,
,,,
,,,
,,,
,,,
,,,
,,,
,,,
,,,
,,,
,,,
,,,
,,,
,,,
,,,
,,,
,,,
,,,
,,,
,,,
,,,
,,,
,,,
,,,
,,,
,,,
,,,
,,,
,,,
,,,
,,,
,,,
,,,
,,,
,,,
,,,
,,,
,,,
,,,
,,,
,,,
,,,
,,,
,,,
,,,
,,,
,,,
,,,
,,,
,,,
,,,
,,,
,,,
,,,
,,,
,,,
,,,
,,,
,,,
,,,
,,,
,,,
,,,
,,,
,,,
,,,
,,,
,,,
,,,
,,,
,,,
,,,
,,,
,,,
,,,
,,,
,,,
,,,
,,,
,,,
,,,
,,,
,,,
,,,
,,,
,,,
,,,
,,,
,,,
,,,
,,,
,,,
,,,
,,,
,,,
,,,
,,,
,,,
,,,
,,,
,,,
,,,
,,,
,,,
,,,
,,,
,,,
,,,
,,,
,,,
,,,
,,,
,,,
,,,
,,,
,,,
,,,
,,,
,,,
,,,
,,,
,,,
,,,
,,,
,,,
,,,
,,,
,,,
,,,
,,,
,,,
,,,
,,,
,,,
,,,
,,,
,,,
,,,
,,,
,,,
,,,
,,,
,,,
,,,
,,,
,,,
,,,
,,,
,,,
,,,
,,,
,,,
,,,
,,,
,,,
,,,
,,,
,,,
,,,
,,,
,,,
,,,
,,,
,,,
,,,
,,,
,,,
,,,
,,,
,,,
,,,
,,,
,,,
,,,
,,,
,,,
,,,
,,,
,,,
,,,
,,,
,,,
,,,
,,,
,,,
,,,
,,,
,,,
,,,
,,,
,,,
,,,
,,,
,,,
,,,
,,,
,,,
,,,
,,,
,,,
,,,
,,,
,,,
,,,
,,,
,,,
,,,
,,,
,,,
,,,
,,,
,,,
,,,
,,,
,,,
,,,
,,,
,,,
,,,
,,,
,,,
,,,
,,,
,,,
,,,
,,,
,,,
,,,
,,,
,,,
,,,
,,,
,,,
,,,
,,,
,,,
,,,
,,,
,,,
,,,
,,,
,,,
,,,
,,,
,,,
,,,
,,,
,,,
,,,
,,,
,,,
,,,
,,,
,,,
,,,
,,,
,,,
,,,
,,,
,,,
,,,
,,,
,,,
,,,
,,,
,,,
,,,
,,,
,,,
,,,
,,,
,,,
,,,
,,,
,,,
,,,
,,,
,,,
,,,
,,,
,,,
,,,
,,,
,,,
,,,
,,,
,,,
,,,
,,,
,,,
,,,
,,,
,,,
,,,
,,,
,,,
,,,
,,,
,,,
,,,
,,,
,,,
,,,
,,,
,,,
,,,
,,,
,,,
,,,
,,,
,,,
,,,
,,,
,,,
,,,
,,,
,,,
,,,
,,,
,,,
,,,
,,,
,,,
,,,
,,,
,,,
,,,
,,,
,,,
,,,
,,,
,,,
,,,
,,,
,,,
,,,
,,,
,,,
,,,
,,,
,,,
,,,
,,,
,,,
,,,
,,,
,,,
,,,
,,,
,,,
,,,
,,,
,,,
,,,
,,,
,,,
,,,
,,,
,,,
,,,
,,,
,,,
,,,
,,,
,,,
,,,
,,,
,,,
,,,
,,,
,,,
,,,
,,,
,,,
,,,
,,,
,,,
,,,
,,,
,,,
,,,
,,,
,,,
,,,
,,,
,,,
,,,
,,,
,,,
,,,
,,,
,,,
,,,
,,,
,,,
,,,
,,,
,,,
,,,
,,,
,,,
,,,
,,,
,,,
,,,
,,,
,,,
,,,
,,,
,,,
,,,
,,,
,,,
,,,
,,,
,,,
,,,
,,,
,,,
,,,
,,,
,,,
,,,
,,,
,,,
,,,
,,,
,,,
,,,
,,,
,,,
,,,
,,,
,,,
,,,
,,,
,,,
,,,
,,,
,,,
,,,
,,,
,,,
,,,
,,,
,,,
,,,
,,,
,,,
,,,
,,,
,,,
,,,
,,,
,,,
,,,
,,,
,,,
,,,
,,,
,,,
,,,
,,,
,,,
,,,
,,,
,,,
,,,
,,,
,,,
,,,
,,,
,,,
,,,
,,,
,,,
,,,
,,,
,,,
,,,
,,,
,,,
,,,
,,,
,,,
,,,
,,,
,,,
,,,
,,,
,,,
,,,
,,,
,,,
,,,
,,,
,,,
,,,
,,,
,,,
,,,
,,,
,,,
,,,
,,,
,,,
,,,
,,,
,,,
,,,
,,,
,,,
,,,
,,,
,,,
,,,
,,,
,,,
,,,
,,,
,,,
,,,
,,,
,,,
,,,
,,,
,,,
,,,
,,,
,,,
,,,
,,,
,,,
,,,
,,,
,,,
,,,
,,,
,,,
,,,
,,,
,,,
,,,
,,,
,,,
,,,
,,,
,,,
,,,
,,,
,,,
,,,
,,,
,,,
,,,
,,,
,,,
,,,
,,,
,,,
,,,
,,,
,,,
,,,
,,,
,,,
,,,
,,,
,,,
,,,
,,,
,,,
,,,
,,,
,,,
,,,
,,,
,,,
,,,
,,,
,,,
,,,
,,,
,,,
,,,
,,,
,,,
,,,
,,,
,,,
,,,
,,,
,,,
,,,
,,,
,,,
,,,
,,,
,,,
,,,
,,,
,,,
,,,
,,,
,,,
,,,
,,,
,,,
,,,
,,,
,,,
,,,
,,,
,,,
,,,
,,,
,,,
,,,
,,,
,,,
,,,
,,,
,,,
,,,
,,,
,,,
,,,
,,,
,,,
,,,
,,,
,,,
,,,
,,,
,,,
,,,
,,,
,,,
,,,
,,,
,,,
,,,
,,,
,,,
,,,
,,,
,,,
,,,
,,,
,,,
,,,
,,,
,,,
,,,
,,,
,,,
,,,
,,,
,,,
,,,
,,,
,,,
,,,
,,,
,,,
,,,
,,,
,,,
,,,
,,,
,,,
,,,
,,,
,,,
,,,
,,,
,,,
,,,
,,,
,,,
,,,
,,,
,,,
,,,
,,,
,,,
,,,
,,,
,,,
,,,
,,,
,,,
,,,
,,,
,,,
,,,
,,,
,,,
,,,
,,,
,,,
,,,
,,,
,,,
,,,
,,,
,,,
,,,
,,,
,,,
,,,
,,,
,,,
,,,
,,,
,,,
,,,
,,,
,,,
,,,
,,,
,,,
,,,
,,,
,,,
,,,
,,,
,,,
,,,
,,,
,,,
,,,
,,,
,,,
,,,
,,,
,,,
,,,
,,,
,,,
,,,
,,,
,,,
